epoch,time,train/box_loss,train/cls_loss,train/dfl_loss,metrics/precision(B),metrics/recall(B),metrics/mAP50(B),metrics/mAP50-95(B),val/box_loss,val/cls_loss,val/dfl_loss,lr/pg0,lr/pg1,lr/pg2
1,58.9961,0.58726,3.9326,0.88009,0.00369,1,0.26645,0.24009,0.41118,4.10724,0.75262,9.09e-05,9.09e-05,9.09e-05
2,115.139,0.44959,3.23192,0.85314,0.00392,1,0.26921,0.25891,0.25188,4.0099,0.72398,0.000189,0.000189,0.000189
3,171.704,0.43005,2.75448,0.85747,0.00444,1,0.37362,0.34741,0.3193,3.7845,0.73113,0.000285121,0.000285121,0.000285121
4,216.898,0.40626,2.35674,0.85332,0.98638,0.14286,0.49277,0.47067,0.3176,3.51169,0.73155,0.000379261,0.000379261,0.000379261
5,271.993,0.42124,1.98783,0.84847,1,0.15523,0.63629,0.59749,0.29787,3.70793,0.76929,0.000471422,0.000471422,0.000471422
6,322.337,0.4399,1.78088,0.87971,0.84216,0.38095,0.62122,0.53786,0.66773,3.79629,0.95742,0.000561603,0.000561603,0.000561603
7,367.197,0.41141,1.65573,0.86492,0.83451,0.42857,0.68489,0.58701,0.49428,3.19177,0.80754,0.000649804,0.000649804,0.000649804
8,412.132,0.38556,1.58577,0.84968,0.93004,0.59441,0.80298,0.6793,0.45475,2.73549,0.81296,0.000736025,0.000736025,0.000736025
9,456.932,0.39749,1.43884,0.85612,0.91537,0.54244,0.84288,0.77761,0.40189,2.86924,0.81645,0.000820267,0.000820267,0.000820267
10,502.377,0.36832,1.4848,0.84888,0.76522,0.75579,0.83539,0.76588,0.41185,2.32314,0.76681,0.000828008,0.000828008,0.000828008
11,548.144,0.34976,1.43283,0.86071,0.75386,0.87705,0.8927,0.87066,0.30168,1.95344,0.75294,0.000819009,0.000819009,0.000819009
12,593.766,0.3236,1.35872,0.82955,0.63634,0.96702,0.88631,0.82603,0.387,2.30238,0.76508,0.00081001,0.00081001,0.00081001
13,638.444,0.32381,1.35073,0.8188,0.60297,0.95227,0.85142,0.81181,0.33033,3.24766,0.77475,0.000801011,0.000801011,0.000801011
14,683.431,0.32015,1.25675,0.82557,0.78707,0.96669,0.88641,0.86568,0.28871,2.20206,0.80912,0.000792012,0.000792012,0.000792012
15,728.087,0.29902,1.22639,0.84416,0.86626,0.81537,0.90223,0.8732,0.28347,1.92047,0.81995,0.000783013,0.000783013,0.000783013
16,773.026,0.29694,1.25503,0.83377,0.80369,0.95238,0.90941,0.87251,0.28554,1.69465,0.84383,0.000774013,0.000774013,0.000774013
17,817.57,0.29406,1.13655,0.84514,0.80144,0.92857,0.91332,0.89868,0.23722,1.58839,0.83485,0.000765014,0.000765014,0.000765014
18,862.32,0.30454,1.15371,0.84166,0.808,0.98466,0.90815,0.89886,0.26447,1.40681,0.86647,0.000756015,0.000756015,0.000756015
19,907.078,0.26381,1.12767,0.82954,0.80506,1,0.92538,0.9196,0.21186,1.28787,0.83796,0.000747016,0.000747016,0.000747016
20,952.589,0.28191,0.98631,0.83896,0.86464,1,0.95201,0.93677,0.22634,1.20177,0.82747,0.000738017,0.000738017,0.000738017
21,998.196,0.266,1.10037,0.83496,0.8175,0.97619,0.93636,0.91953,0.20712,1.14398,0.83698,0.000729018,0.000729018,0.000729018
22,1043.94,0.26965,0.99564,0.82117,0.85706,1,0.95194,0.94055,0.22967,1.11105,0.84354,0.000720019,0.000720019,0.000720019
23,1089.29,0.27709,0.95446,0.82415,0.87572,0.95238,0.96179,0.94019,0.24271,1.19328,0.84585,0.00071102,0.00071102,0.00071102
24,1134.91,0.27488,1.01368,0.84029,0.91456,0.94945,0.9766,0.97312,0.21831,1.08151,0.84327,0.000702021,0.000702021,0.000702021
25,1179.61,0.2462,0.86411,0.8236,0.82853,0.91819,0.93031,0.91415,0.2363,1.12752,0.83668,0.000693022,0.000693022,0.000693022
26,1225.3,0.23421,0.82201,0.8211,0.82937,0.98142,0.96616,0.96616,0.17558,1.06836,0.8305,0.000684022,0.000684022,0.000684022
27,1271.06,0.21991,0.87577,0.82501,0.91873,0.95661,0.98153,0.98153,0.1719,1.0304,0.82666,0.000675023,0.000675023,0.000675023
28,1316.73,0.22597,0.89664,0.83025,0.85223,1,0.97718,0.97718,0.16135,0.9463,0.81981,0.000666024,0.000666024,0.000666024
29,1361.35,0.22731,0.88142,0.84492,0.93977,0.96394,0.99173,0.99173,0.17017,0.86694,0.82293,0.000657025,0.000657025,0.000657025
30,1405.97,0.20411,0.85852,0.82265,0.80855,0.97063,0.95612,0.95612,0.1681,1.0043,0.8203,0.000648026,0.000648026,0.000648026
31,1450.63,0.23271,0.86549,0.82885,0.93007,0.96266,0.97908,0.9737,0.19817,0.87726,0.83311,0.000639027,0.000639027,0.000639027
32,1496.07,0.24733,0.80448,0.84117,0.9096,0.9886,0.98524,0.98524,0.15746,0.8299,0.82037,0.000630028,0.000630028,0.000630028
33,1540.27,0.21859,0.69316,0.82573,0.96431,0.99875,0.995,0.995,0.1514,0.7611,0.81932,0.000621029,0.000621029,0.000621029
34,1584.84,0.21186,0.71807,0.81235,0.93105,0.97145,0.995,0.995,0.14611,0.77189,0.8193,0.00061203,0.00061203,0.00061203
35,1629.18,0.20192,0.6858,0.82944,0.97398,0.96782,0.99173,0.99173,0.14777,0.85994,0.82577,0.000603031,0.000603031,0.000603031
36,1673.73,0.2036,0.70998,0.8106,0.95766,0.97619,0.97908,0.97908,0.14565,0.74299,0.82037,0.000594031,0.000594031,0.000594031
37,1718.03,0.18273,0.66408,0.81814,0.95952,0.94724,0.985,0.985,0.13668,0.73294,0.81504,0.000585032,0.000585032,0.000585032
38,1762.42,0.20168,0.74284,0.82598,0.97507,0.9632,0.995,0.995,0.14611,0.71449,0.81981,0.000576033,0.000576033,0.000576033
39,1807.08,0.18347,0.67779,0.82415,0.97999,1,0.995,0.995,0.14236,0.67911,0.81942,0.000567034,0.000567034,0.000567034
40,1851.63,0.20563,0.72244,0.82427,0.97127,0.9956,0.995,0.995,0.13685,0.66343,0.81468,0.000558035,0.000558035,0.000558035
41,1897.59,0.19489,0.72401,0.83801,0.8349,0.99206,0.98119,0.98119,0.10715,0.77348,0.81232,0.000549036,0.000549036,0.000549036
42,1949.47,0.18761,0.83521,0.81856,0.96913,0.97819,0.995,0.995,0.13316,0.68011,0.81371,0.000540037,0.000540037,0.000540037
43,2002.02,0.18678,0.60363,0.81291,0.83207,0.99556,0.995,0.995,0.1244,0.72046,0.81137,0.000531038,0.000531038,0.000531038
44,2054.9,0.16852,0.71517,0.81232,0.97497,1,0.995,0.995,0.12631,0.62191,0.8131,0.000522039,0.000522039,0.000522039
45,2107.48,0.18595,0.63208,0.81924,0.93787,0.99323,0.995,0.995,0.11543,0.67209,0.81022,0.00051304,0.00051304,0.00051304
46,2164.86,0.16808,0.73257,0.82826,0.98437,1,0.995,0.995,0.11471,0.59955,0.80914,0.00050404,0.00050404,0.00050404
47,2219.92,0.17652,0.62074,0.81845,0.85494,1,0.995,0.995,0.10412,0.65307,0.80288,0.000495041,0.000495041,0.000495041
48,2272.4,0.17319,0.65949,0.81942,0.9783,1,0.995,0.995,0.12072,0.60338,0.80996,0.000486042,0.000486042,0.000486042
49,2316.72,0.16941,0.58539,0.79417,0.9443,1,0.995,0.995,0.11134,0.59662,0.81,0.000477043,0.000477043,0.000477043
50,2361.13,0.16488,0.51418,0.79993,0.93835,1,0.995,0.995,0.13174,0.57772,0.80951,0.000468044,0.000468044,0.000468044
51,2405.41,0.18357,0.57179,0.83262,0.83095,0.99004,0.98321,0.98321,0.11709,0.6717,0.80827,0.000459045,0.000459045,0.000459045
52,2449.62,0.18143,0.55375,0.80589,0.98363,1,0.995,0.995,0.10849,0.52298,0.80639,0.000450046,0.000450046,0.000450046
53,2493.89,0.18192,0.5507,0.81101,0.98876,1,0.995,0.995,0.12891,0.53468,0.81053,0.000441047,0.000441047,0.000441047
